,AIBeta_3_0.35,AIBeta_3_0.40,AIBeta_3_0.45,AIBeta_3_0.50,AIBeta_4_0.35,AIBeta_4_0.40,AIBeta_4_0.45,AIBeta_4_0.50,AIBeta_5_0.35,AIBeta_5_0.40,AIBeta_5_0.45,AIBeta_5_0.50,AIBeta_6_0.35,AIBeta_6_0.40,AIBeta_6_0.45,AIBeta_6_0.50,AIBeta_7_0.35,AIBeta_7_0.40,AIBeta_7_0.45,AIBeta_7_0.50,AIBeta_8_0.35,AIBeta_8_0.40,AIBeta_8_0.45,AIBeta_8_0.50,AIBeta_9_0.35,AIBeta_9_0.40,AIBeta_9_0.45,AIBeta_9_0.50,AIBeta_10_0.35,AIBeta_10_0.40,AIBeta_10_0.45,AIBeta_10_0.50,AIBeta_11_0.35,AIBeta_11_0.40,AIBeta_11_0.45,AIBeta_11_0.50,AIBeta_12_0.35,AIBeta_12_0.40,AIBeta_12_0.45,AIBeta_12_0.50
start,1986-10-30 00:00:00,1986-10-30 00:00:00,1986-10-30 00:00:00,1986-10-30 00:00:00,1986-10-30 00:00:00,1986-10-30 00:00:00,1986-10-30 00:00:00,1986-10-30 00:00:00,1986-10-30 00:00:00,1986-10-30 00:00:00,1986-10-30 00:00:00,1986-10-30 00:00:00,1986-10-30 00:00:00,1986-10-30 00:00:00,1986-10-30 00:00:00,1986-10-30 00:00:00,1986-10-30 00:00:00,1986-10-30 00:00:00,1986-10-30 00:00:00,1986-10-30 00:00:00,1986-10-30 00:00:00,1986-10-30 00:00:00,1986-10-30 00:00:00,1986-10-30 00:00:00,1986-10-30 00:00:00,1986-10-30 00:00:00,1986-10-30 00:00:00,1986-10-30 00:00:00,1986-10-30 00:00:00,1986-10-30 00:00:00,1986-10-30 00:00:00,1986-10-30 00:00:00,1986-10-30 00:00:00,1986-10-30 00:00:00,1986-10-30 00:00:00,1986-10-30 00:00:00,1986-10-30 00:00:00,1986-10-30 00:00:00,1986-10-30 00:00:00,1986-10-30 00:00:00
end,2021-10-01 00:00:00,2021-10-01 00:00:00,2021-10-01 00:00:00,2021-10-01 00:00:00,2021-10-01 00:00:00,2021-10-01 00:00:00,2021-10-01 00:00:00,2021-10-01 00:00:00,2021-10-01 00:00:00,2021-10-01 00:00:00,2021-10-01 00:00:00,2021-10-01 00:00:00,2021-10-01 00:00:00,2021-10-01 00:00:00,2021-10-01 00:00:00,2021-10-01 00:00:00,2021-10-01 00:00:00,2021-10-01 00:00:00,2021-10-01 00:00:00,2021-10-01 00:00:00,2021-10-01 00:00:00,2021-10-01 00:00:00,2021-10-01 00:00:00,2021-10-01 00:00:00,2021-10-01 00:00:00,2021-10-01 00:00:00,2021-10-01 00:00:00,2021-10-01 00:00:00,2021-10-01 00:00:00,2021-10-01 00:00:00,2021-10-01 00:00:00,2021-10-01 00:00:00,2021-10-01 00:00:00,2021-10-01 00:00:00,2021-10-01 00:00:00,2021-10-01 00:00:00,2021-10-01 00:00:00,2021-10-01 00:00:00,2021-10-01 00:00:00,2021-10-01 00:00:00
rf,0.0,0.0,0.0,0.0,0.0,0.0,0.0,0.0,0.0,0.0,0.0,0.0,0.0,0.0,0.0,0.0,0.0,0.0,0.0,0.0,0.0,0.0,0.0,0.0,0.0,0.0,0.0,0.0,0.0,0.0,0.0,0.0,0.0,0.0,0.0,0.0,0.0,0.0,0.0,0.0
total_return,156.11532324474436,177.07070136765478,240.10728004302302,265.61520886263696,195.2417482287705,177.1559070793376,178.1019712296853,183.52607568557843,198.61857128392043,211.68980593036827,206.93096137361331,213.52950189723094,221.3250182350909,244.7107276150468,237.64559495490735,251.7017858284107,206.5689564104289,191.58294004448774,190.7061119619722,247.46875018271191,185.96033259036912,183.43216666703884,188.11866834861863,187.72880092484908,238.08757646771977,206.77984763526666,198.70432262500955,180.98133762415887,243.2425129657264,213.12450986838422,192.4823727075022,183.01930251387657,221.6258984270292,220.45980012564098,228.89427135615642,230.28208348944176,204.58044597746925,180.35056704591028,171.84838168779388,160.52711210857066
cagr,0.15582088818265727,0.15997220075615748,0.170082725462668,0.17345712415350367,0.163204256644097,0.15998809107727663,0.16016403165264403,0.161155656899594,0.16377268888328178,0.165888331892726,0.16513309125428322,0.1661759049119138,0.16736846410074246,0.17071660020468826,0.16973892121865286,0.17165751102567772,0.1650749548520929,0.16257753117384355,0.16242561972733327,0.17109086464217382,0.1615915112586641,0.161138730790777,0.16197337572895854,0.1619047125846671,0.16980090228362088,0.16510883501739104,0.16378700177239613,0.16069400869195682,0.17051569532496114,0.16611280455969513,0.1627326624318619,0.1610642169413823,0.16741367443122313,0.16723812426241835,0.16848816085222418,0.16868956409455227,0.16475384186808584,0.16057860910926336,0.158983896209566,0.15673782913296308
max_drawdown,-0.2938209837288366,-0.2890545686476488,-0.3076951716116977,-0.32412021394703516,-0.33629968995729276,-0.30528756506148236,-0.30783179698512864,-0.32396352555082686,-0.3343907545578684,-0.35487485809845887,-0.34800494700187634,-0.34842706226982567,-0.2758603328506527,-0.32868689527975137,-0.3450250265196537,-0.33534976729790367,-0.2683239802008375,-0.29033759729565534,-0.3198698655670207,-0.324170660784441,-0.268392721301845,-0.28935742276574583,-0.31342836077184155,-0.33473082497174744,-0.2684907725949992,-0.28944994816810565,-0.30940523120704744,-0.33567886473367614,-0.26876499075434757,-0.28944925427830204,-0.31080284564261207,-0.3383135389936933,-0.26866616586621406,-0.28977909728145934,-0.30784139750407924,-0.3245839045833451,-0.2685654736521731,-0.2891483064267122,-0.30785618417673866,-0.32466092700995375
calmar,0.53032593589865,0.553432528344363,0.552763712773847,0.5351629324231179,0.48529410379421567,0.5240570183232205,0.5202972312193648,0.4974500034396933,0.4897644048198106,0.46745585974056475,0.4745136317082092,0.47693168214134124,0.6067145006721704,0.5193897373346397,0.4919611859198973,0.5118760403766375,0.6152076110697827,0.5599603106458455,0.5077865632619308,0.5277802260949876,0.6020711384230572,0.5568847318675131,0.5167795770940657,0.48368629509496913,0.6324273294105137,0.5704227486041896,0.5293608034144495,0.4787135133439207,0.6344416169917505,0.5738926672099132,0.5235880710660737,0.4760797259857365,0.6231289819894517,0.5771228008898853,0.5473213226625621,0.5197101942287992,0.6134587578500998,0.5553503359355272,0.5164226167316299,0.48277392224706384
mtd,-0.015186740094372597,-0.014050213592273209,-0.013181225123823137,-0.012443575312412358,-0.014345851351228123,-0.013241565564941049,-0.012621845159468403,-0.012121880465112422,-0.014344350030361719,-0.012743438006315944,-0.012174408362767952,-0.011718212384512317,-0.016548306834097026,-0.018167817495275074,-0.019722709292815388,-0.019049900774003148,-0.016551739646171848,-0.018169751153786717,-0.017406924522486822,-0.016837693782212115,-0.016545477732816782,-0.018166736412487006,-0.019789207237696393,-0.01895727788552204,-0.017185816184613345,-0.01746985557137637,-0.015920577186355755,-0.014953377404220092,-0.019278090419576732,-0.018033351457999558,-0.016694691074235823,-0.015850524871842686,-0.021024806364090765,-0.02156130299863268,-0.019685140405049983,-0.018544162613018722,-0.02430909304766271,-0.024856195365548728,-0.022287527894244152,-0.01956757293741007
three_month,-0.008151836916854616,-0.011317941452456792,-0.010927850676068607,-0.010175674927467071,0.012428005395128672,0.020083235564941848,0.01959017637042426,0.019157452554036558,0.012516732978041789,0.01643958356813502,0.018006160812194638,0.020850174460206095,0.010180202900540669,0.01857504193583126,0.022978014915933098,0.024567906557990238,-0.000862534771530421,0.002338685164364529,0.008503432988918869,0.014194591468618123,-0.01168510072844342,-0.006029904820507137,-0.0009626736945060888,0.006499812617953404,-0.01763490389441802,-0.012255964363331762,-0.004269904373792821,0.0019463978845550844,-0.02185125137273458,-0.019750454115115113,-0.019418623157173798,-0.019198246423716037,-0.03713776548363279,-0.03644571450695533,-0.031947232173513695,-0.02568586639159598,-0.032512370551667225,-0.028515954086950734,-0.020998157746282553,-0.012478948231751885
six_month,0.04467543320573508,0.03501086127722264,0.03277133806646382,0.030423708142691464,0.0641181602750136,0.06681313245698983,0.06408508119928791,0.06297131518886467,0.08287086351623119,0.08354797266592273,0.08056748883667719,0.07863662913732616,0.08387066840516733,0.07843472797513074,0.07780582956487447,0.07668829694091062,0.04941918615227614,0.050003914679435324,0.0539437620676777,0.05167243504538255,0.06263254550124331,0.06180596086233048,0.06988205737640407,0.08109674834870106,0.05451480908370243,0.055568310409263466,0.0678014372981961,0.07773575405376976,0.051004747669511685,0.042722324518735144,0.0439561215799491,0.04546161797484638,0.030722800085663193,0.024539278421861432,0.029563471717712675,0.037747407823268464,0.026525551453305374,0.03228920523108658,0.03496108525409847,0.04326807753614448
ytd,0.11564531196313288,0.11209053398527358,0.11654680974205278,0.11716636288861393,0.1653343457640104,0.16891697640473047,0.16113147550575424,0.15533052023605087,0.15600300382082222,0.1604723455279795,0.16230847594465536,0.16741786804539194,0.16149526540209402,0.16216280634949398,0.16829987302472182,0.17475861300818218,0.13320050891440882,0.1427465878480414,0.1541449970963482,0.15858103474403862,0.14312105756159488,0.14450334570218004,0.15323413807458586,0.17153216369957502,0.1312077562370122,0.12936960609673176,0.1443385026829933,0.16426278512576076,0.13649587263778673,0.13971352243522195,0.15426891017520883,0.16916637919565236,0.11333235004552189,0.1186153038546327,0.13743408321637252,0.15799041726835084,0.09665164515808411,0.11656371559428891,0.12773210774039834,0.1434740883411274
one_year,0.40876580855842515,0.4261398141007846,0.4768238361767496,0.5355228302319577,0.48208685372811066,0.5410619709031117,0.5837725537510794,0.6311633755173736,0.4594558469592527,0.4756693650956174,0.4900372150493688,0.5173982069137748,0.46005652699980826,0.46227000285943465,0.4763363445756883,0.4860287037640645,0.39832784583742,0.4121865496326875,0.425669667759484,0.4297543071153975,0.43806058998933417,0.4970849450409114,0.5378947582748572,0.6004223405548361,0.30770291952699713,0.34242560270252276,0.39676034535352533,0.4632528685319277,0.26768256252051437,0.25350916799160084,0.2852817867929571,0.31690174907537894,0.24254235724795925,0.24354538923095626,0.25789475658453287,0.27481697678175077,0.22192624018557838,0.22472938690773803,0.2458948485234307,0.25381066889424564
three_year,0.16205913867718524,0.14882091434562184,0.14512775123574917,0.14505646157104857,0.17871504219254497,0.18107148758226987,0.1700247167453104,0.15980987268467128,0.14775518241746943,0.13548255881880422,0.11486516375046008,0.10718035054552022,0.16671572055125417,0.16538294225229389,0.1563699881513414,0.15673462052407094,0.1516684380074793,0.15754935500913692,0.15290909365693617,0.15535566034501902,0.1753313519674191,0.18586060345268196,0.17894665817484268,0.184953983688243,0.1594019450714952,0.15127572652358223,0.14800283040831785,0.15511546327864334,0.15112738340001508,0.13197769213123012,0.1299831524120243,0.12780277347306246,0.12145703361109894,0.10830339282361323,0.10109686862001999,0.09625679295092571,0.1292020276917707,0.10094854892593874,0.08963585373233185,0.08552715611861728
five_year,0.1339581358951163,0.13316648860911307,0.140058178108448,0.14448227581317608,0.15844628583117326,0.16023202107124135,0.15605223264566215,0.15291866875891036,0.14479067961343994,0.1314287811539956,0.11307881032407896,0.10516020277005733,0.14833630142824705,0.14232757293414777,0.13528258382563774,0.13827945933997965,0.13810949719871335,0.1410979841059583,0.1383072753851453,0.14249976029599498,0.14623982054534013,0.1607896813522347,0.15710593491850777,0.15684678846303268,0.14244408190490243,0.14232713286010434,0.13966451184495887,0.14639027794430426,0.14990659301961928,0.1401315252355717,0.13927176959282872,0.1396896949302402,0.1218005891839753,0.11793177338642291,0.11941936178492196,0.11998015692048325,0.12858759927516372,0.11564587913265933,0.1125466978373535,0.11050785952172437
ten_year,0.11892103331465687,0.10856018358852815,0.10055248826668706,0.0957346118684439,0.12295300137957588,0.11352218269282899,0.10437837648279036,0.09878586870068062,0.11834143318115675,0.10589355124776323,0.09363655696995865,0.08895802714024947,0.11498895110300955,0.1066949418725649,0.10071558329941577,0.10133387102932523,0.09925829784012885,0.09780553770635025,0.09572925460116988,0.10219175478897524,0.11726311275929824,0.12386694125727638,0.11737865884885168,0.11962294486341096,0.1202010513729539,0.1207927161349629,0.11560463749166394,0.11696971771528197,0.1308260398483454,0.121610451618269,0.11838533540139151,0.11730004598231569,0.11232953840979132,0.10634497062337633,0.10671112222708778,0.10504122207881639,0.11493939600967717,0.10484091990219069,0.10365497810624102,0.10176978424760841
incep,0.15582088818265727,0.15997220075615748,0.170082725462668,0.17345712415350367,0.163204256644097,0.15998809107727663,0.16016403165264403,0.161155656899594,0.16377268888328178,0.165888331892726,0.16513309125428322,0.1661759049119138,0.16736846410074246,0.17071660020468826,0.16973892121865286,0.17165751102567772,0.1650749548520929,0.16257753117384355,0.16242561972733327,0.17109086464217382,0.1615915112586641,0.161138730790777,0.16197337572895854,0.1619047125846671,0.16980090228362088,0.16510883501739104,0.16378700177239613,0.16069400869195682,0.17051569532496114,0.16611280455969513,0.1627326624318619,0.1610642169413823,0.16741367443122313,0.16723812426241835,0.16848816085222418,0.16868956409455227,0.16475384186808584,0.16057860910926336,0.158983896209566,0.15673782913296308
daily_sharpe,0.9776640043139404,1.0029534483579992,1.023486297959498,0.9952885524234976,0.991550084108837,0.9841796086038337,0.9571581599389792,0.9255813249395476,1.0035840535392457,1.0111190086001494,0.9734414931284192,0.9407837966211705,1.0138400361902495,1.0275522148808955,0.9952527718619909,0.9700158542707429,1.0231480939634041,0.9978541757554141,0.9629494945352648,0.9641093154807432,1.0129352243182799,0.9966041955270042,0.9644811787016737,0.9269720091245501,1.0644952573430548,1.0239196634425582,0.9780824677729956,0.9198686600790752,1.0627148438200051,1.0251103428510573,0.9710544185656146,0.9176092806364352,1.0501934708378413,1.0376840984598588,1.0065753102468216,0.964417539412391,1.0339321171446891,1.0006036059365537,0.9537233485770589,0.8986187960524911
daily_sortino,1.5562115064459507,1.5904912828751518,1.6223503640309387,1.5813627137176607,1.5769551211299468,1.5449652402935345,1.4920327406062708,1.4418989397393975,1.5960031679189621,1.5810959715257384,1.5092982156901487,1.4597728063730357,1.6030506306779528,1.6157661782300534,1.5583016204556082,1.5206050138479246,1.612368894532448,1.556739701632098,1.494166538059096,1.4976749023320128,1.5858792484196356,1.5453095510306727,1.4853486316763176,1.4236554105602688,1.6744692920222883,1.585477542670922,1.5008324562078819,1.4089738222741979,1.6722109145154653,1.5947510107070448,1.4953841768392313,1.4122239303837452,1.6496130326326721,1.6141829814138835,1.554540778028764,1.4882894605060315,1.624517316126583,1.552588918973799,1.4651647480288819,1.3762997166953748
daily_mean,0.15079916922824743,0.15416094367094801,0.16342533272640555,0.16762345966666534,0.15765366659581417,0.15474010969536858,0.15578820908808574,0.15793142202197685,0.15785141594352606,0.1597268293806744,0.1601872034356276,0.16241982974855454,0.16106839838325182,0.1639277723677347,0.1639829799288383,0.16675994428367424,0.1585716387654198,0.15687459276010313,0.15783827457305247,0.1664384380288696,0.1554753758583691,0.15551125699757007,0.15735022736492263,0.1586464490181484,0.1620301369139395,0.15860797745698552,0.15870447682740757,0.15769715138879545,0.16275695317520292,0.15953994146745726,0.15788058840628388,0.15814826589177614,0.16010712724736265,0.16028690138243312,0.16241925693871978,0.16404665093986048,0.15797042473065687,0.15485044662595338,0.1547448475148286,0.15453024631884965
daily_vol,0.15424437082969858,0.15370697804901615,0.1596751544717531,0.1684169472847922,0.15899717938857985,0.15722751044891525,0.16276119831441188,0.17062943878247744,0.1572876884470676,0.1579703556377694,0.16455760779296805,0.172643098586398,0.15886963685958339,0.1595323040462092,0.16476515772173847,0.1719146584558087,0.15498405333596954,0.15721194195669225,0.1639112699770696,0.17263440499574137,0.1534899489382515,0.15604114220624543,0.16314494345730832,0.17114481069172424,0.15221311301880425,0.15490275567491668,0.16226083388322377,0.17143442127405367,0.15315204649834507,0.1556319693582855,0.16258675660988803,0.17234815430603287,0.1524548873072213,0.154465989813598,0.1613582762117353,0.17009919898368123,0.15278606990844681,0.15475703436128946,0.1622533911387465,0.1719641821400574
daily_skew,-0.5895496295003103,-0.55814805864342,-0.4374271706353827,-0.2572750735616486,-0.5647174469569655,-0.7318290172136963,-0.7084264134310926,-0.5847492297696569,-0.5796821248801927,-0.7681751945308364,-0.7504582426205247,-0.6108217543052702,-0.6662523847131461,-0.6344072080033647,-0.5407951611498936,-0.3626242371612037,-0.7102280948465809,-0.7235146417766176,-0.6527109600054292,-0.519583872476668,-0.8046146980112696,-0.8292870663931711,-0.7717226974551366,-0.6804478033197745,-0.7690303078522587,-0.8458632460821576,-0.8028551820160963,-0.6699818923868593,-0.7256279603539424,-0.7502513203349759,-0.7252355642941084,-0.57052521820846,-0.7572088701149157,-0.7997984911075258,-0.7605409937034687,-0.6337095919819491,-0.7517743148929223,-0.8562068373729048,-0.8705147330012586,-0.7890610241997018
daily_kurt,37.51635110079461,52.86846971982266,62.38845876071702,67.25867171448088,35.7200207049974,51.04677664179415,61.7955399974721,68.61461290933535,36.8249143839141,50.34416837987706,59.5485875022106,66.10447403440264,34.85218372035843,47.30068258191639,56.11287092298678,62.639242073251374,37.32218542025292,49.897059582767376,58.207634306432276,62.67884151913359,39.019493746342405,52.01872099912341,59.75687972888546,65.62860370704512,40.28303544392789,54.067251162679014,61.993589262197865,67.03622371165656,39.19510549106189,52.169242794654295,60.24498052568946,63.461357554676816,39.904499014675004,53.88038024182113,62.657271391601746,68.2257144597446,40.21089517574014,55.253621226672486,64.23551019253888,69.36097808531805
best_day,0.14703985119987717,0.16080989211473096,0.1736882951149108,0.18525076613859115,0.14694834896233333,0.16077300664650074,0.17378714999917544,0.18513902637953694,0.14687097274092342,0.16105725795786907,0.17383021868834003,0.18545491839496875,0.1470802864756997,0.1609876203637517,0.17381097496077258,0.1856509230709784,0.14683625048323767,0.16091531633503542,0.1738523582884357,0.18528194283016597,0.14687756038176847,0.16102607896578136,0.17355327192148295,0.18535906705991723,0.1469499875340745,0.1611012790189741,0.1737936782957008,0.18564361506099147,0.14712981621879573,0.16109799836879857,0.1736001084087877,0.18545582780467096,0.14707211238655882,0.16100992642701462,0.1737822585111095,0.18559747465537857,0.14699584932676713,0.16088222458612766,0.17379487281752093,0.18627096425434342
worst_day,-0.2033458217399191,-0.22032071248704577,-0.23602059490590444,-0.25001078036503777,-0.20323726139573706,-0.22028143174119108,-0.23613780061589662,-0.24987551846852385,-0.2031446187149708,-0.22061896763361177,-0.23618969221449138,-0.2502441318593517,-0.203395413635169,-0.22052845630327278,-0.23617410082786783,-0.2504837973295986,-0.20309304238058645,-0.22044428800852478,-0.23622502534040246,-0.2500533424507486,-0.20314919602858306,-0.220577786462974,-0.23587279252757487,-0.2501459673355745,-0.203231985738349,-0.22065818633000556,-0.2361432666170229,-0.2504687341356696,-0.2034593065557534,-0.22065694760978638,-0.23592446538999723,-0.2502563402841681,-0.2033791943087604,-0.2205633212659096,-0.23614349827648518,-0.2504144193349389,-0.20329341203380125,-0.22040138135506437,-0.2361566896490963,-0.2506389784547126
monthly_sharpe,1.0458724049072354,1.0802899510452222,1.1010587231288131,1.0629298441990358,1.0544181465492537,1.0521533762237663,1.0234736810748546,0.9889500523879288,1.075014766131576,1.0671004900454613,1.0233125343581588,0.9976094989649121,1.0879123674341635,1.0886975093732887,1.0369978723318907,1.006922466187855,1.0979222617725164,1.0532303932067668,1.0049162833841077,1.0065051580883186,1.0755495436984086,1.0429113472957134,0.9929305106547435,0.9434687343051538,1.1266200683225736,1.0755586739875167,1.0251686998493277,0.9780203851356052,1.1432211523471718,1.094736699246078,1.0286784076530788,0.9655167635851627,1.1146368701338367,1.093306754902744,1.0570704904730779,1.0164380853137027,1.0975185033174757,1.053244515109709,0.9987589574607237,0.9424492345608647
monthly_sortino,2.3018843858315705,2.4825416493353516,2.57134503909817,2.5056463884767672,2.2453755348876454,2.2791375823395756,2.2171721215637947,2.167536536338334,2.3244226961408097,2.2883541772627227,2.161884252093967,2.0743522345772916,2.319453121748061,2.365757480202941,2.2404610444632866,2.1642755731217553,2.3473925534875026,2.228545793385811,2.0727433666600534,2.0806086482188397,2.238704906468342,2.1674917545056904,2.04561367794389,1.9520582192012468,2.3556625065196615,2.2113197750536373,2.098458667728549,1.9586046433946518,2.3930314405127464,2.313744782084137,2.128027725874904,1.9902259428909104,2.359099823724104,2.3471367892620685,2.2611426367389784,2.1544587486577207,2.300201403387174,2.19670283871737,2.03849883029592,1.887169119265541
monthly_mean,0.15620828139982376,0.15952805586686813,0.16909116668271937,0.17339520469029518,0.16353284617178582,0.1602900302916928,0.1611852325785516,0.16317760402178777,0.16358352052072261,0.1659058338621815,0.16633907160328434,0.16825415210328074,0.16690148922762388,0.17018239291960938,0.17057840660543425,0.17348190541821357,0.16437406447103878,0.16292623368448003,0.16412633717091363,0.17298596322303805,0.1614304614278581,0.16173027314131763,0.16398927928906157,0.1655831319417577,0.16848160086372416,0.16498018102430148,0.1649556770831059,0.16328038915872709,0.1688143005158723,0.16547106097436348,0.16374586217472842,0.16396458187939386,0.1663570070493368,0.16661685358382278,0.1687682240713781,0.1701533810599479,0.16409717258441278,0.16093666709533141,0.16080076035812907,0.16032800189605434
monthly_vol,0.14935692027717162,0.14767151699644948,0.15357143368541057,0.16312949122334228,0.1550929739847254,0.15234473786225172,0.15748840010157805,0.16500085482353477,0.15216862658489363,0.1554734867145581,0.16254962781982865,0.16865732761953037,0.1534144607816715,0.15631742651599825,0.1644925328745908,0.17228923898679616,0.1497137549662839,0.15469192185806477,0.16332339308724272,0.17186793513467405,0.15009114398650544,0.1550757632091039,0.16515685390806067,0.1755046308595551,0.14954606757056677,0.1533902194407074,0.16090588515563337,0.1669498832952115,0.14766548026974136,0.15115146965322335,0.15918081001458292,0.16982054384075068,0.14924771601119025,0.1523971683488266,0.15965654664699616,0.16740161896573713,0.14951654308186627,0.1528008594268044,0.16100056891299774,0.17011844884224384
monthly_skew,0.5567489214624645,0.7614497073131038,0.9432632003135603,1.0745641858497594,0.4067426712056894,0.5325467131403747,0.6304070238918562,0.7390313839809349,0.4118778925186812,0.440719985814694,0.4629583162823279,0.401415979937569,0.353886024524294,0.5089970712959245,0.5962584373989778,0.6510452073525564,0.3356501443380271,0.4096332448134895,0.43433277023942835,0.5177171271190794,0.26306270408663945,0.44289453139961665,0.5500756388513974,0.6754952538733716,0.18593090320019237,0.2509581571673494,0.3642673003376935,0.25730344365261587,0.22704438392982132,0.3954823328662082,0.43300835765006757,0.5228494601090647,0.2507814206774778,0.43256785934232583,0.5280066951705146,0.5742461489624451,0.2457265457256853,0.33512976068641315,0.3723158901438494,0.3663167184334292
monthly_kurt,1.6089752933675947,2.304425688789381,3.3821297185416728,4.1026330288999535,1.7044551278913498,2.1670437396692814,2.690375388509492,3.214825621900298,1.3746906313684764,1.7624193958468797,1.984000005538681,2.091649319271189,1.2641796415731057,1.8376107318072514,2.326499757333576,2.8726628100533778,1.1642398734103279,1.6220935199671804,2.142891871544363,2.780258464175406,1.274342697331695,2.3635203847363093,3.015775145495214,3.5981049047813705,0.8931126816070627,1.5900271797915955,2.2582375547370943,1.9679055312647615,1.1457102828611796,1.8144818466206547,2.3171146931680426,2.734121422887299,1.1200606278347212,1.8271843980500981,2.3417004991456483,2.7112270234020346,1.3485701867026942,2.0733967307514063,2.7437998243347326,3.0940307166449963
best_month,0.1885232694029706,0.2178239653824381,0.24716740468141718,0.276445664286588,0.18853914869904576,0.20644351786023774,0.22266206468732253,0.2400459178986909,0.17617044144962568,0.19419608116876197,0.20766686916426425,0.20351832205433817,0.17617634481220001,0.19899804689757494,0.22339497862575386,0.2518536723638374,0.16970171012078428,0.1950648953419012,0.22203290816139787,0.25195206897589273,0.18453821855734898,0.21524526858818138,0.22597734673721748,0.24906315440439952,0.1663908593938268,0.19416806205145876,0.22357556954779256,0.20383450134306336,0.1668454198228575,0.19602790367383105,0.22490490175839506,0.25004399263608423,0.16798879542534784,0.1970642846221793,0.2255776328118737,0.24374096755929697,0.16932668602489476,0.19796528468533436,0.22672982742939896,0.23011312667693917
worst_month,-0.10279562401988929,-0.10539480504858667,-0.1151901127710323,-0.12473323419643112,-0.14095714881400945,-0.14151005246798898,-0.15789516883740673,-0.17403879933386823,-0.1250427871087575,-0.14133684602149255,-0.15784405816634384,-0.17423731721731162,-0.10696799592217787,-0.1095913102823518,-0.11540860592969204,-0.13105766830268617,-0.11101477251473979,-0.12054913923951394,-0.130097412735936,-0.1397641267552442,-0.11125542185378257,-0.12117963330740744,-0.13381210288337475,-0.146192726528369,-0.11100985035290134,-0.12494597720853473,-0.13942320927699514,-0.15526595732334103,-0.11428759230122598,-0.12128923760127086,-0.13141251591232672,-0.14160884664527096,-0.11787743134446271,-0.11828735995062423,-0.12471888600905257,-0.14224003586633327,-0.13357819000879545,-0.15279339737550313,-0.17199683542141753,-0.1912757501463247
yearly_sharpe,0.9573913351116939,1.0360792269237065,1.005495131143178,0.920146054814168,1.0857823361278374,1.1038936562150112,1.0307320374177504,0.922844825383973,1.1638130930098904,1.1660412357668004,1.0697477061492702,1.0528438122108774,1.0094503174489957,1.0974092244285332,1.058218904938766,0.9923303759745011,1.0002353837037827,0.965211211405883,0.9784431441056903,0.9682550401508009,1.0274749085826194,1.0056203387253744,0.9706200386662772,0.9071904755623934,1.0144054178790172,0.9981958436598721,0.9679625345771008,0.9537463821083763,0.9664434927903692,0.9704349944445007,0.9428301404074293,0.863524754368475,0.9345967424147329,0.9414803504846342,0.9245768641993225,0.8787518448987348,0.9414504945358418,0.9182247683471314,0.8832130184839045,0.81773326094755
yearly_sortino,10.938347236217977,12.199099111323687,23.085150342488188,27.89669767307961,12.67439736787332,58.18447184638594,32.51822655017318,14.36649477420242,27.558579465201035,32.54077584643214,44.1944812860844,38.49602914263987,7.030407276103127,14.003807164834907,10.196236012033264,7.930721390467097,16.80227805377102,11.373562806766959,7.075903227840395,7.952413649942301,9.313116915790003,6.716628120004016,6.2466704477152275,7.499522965650799,12.655558692262188,7.096213122372223,6.918833289604604,6.945583646438176,11.334462407146432,10.503995128646002,10.172488836601618,10.177097328444228,7.942753391699838,8.4053289438476,7.8637216673383294,7.933494486578051,9.839821645176999,9.869155535844035,10.481712039910626,10.106879949717582
yearly_mean,0.16603644382012575,0.1688460435940529,0.18071672772588843,0.18669789305311713,0.1715463781925048,0.16805760491816987,0.16994880865986836,0.1738841532532445,0.1696710050183045,0.1727365674707421,0.17408931330396013,0.17575532405206842,0.17768918277295295,0.17944315893497326,0.1796131722232605,0.18369290408685487,0.17477450077818163,0.17350632471439484,0.17388094545337995,0.1838337342069988,0.17040787709203023,0.17058514175674946,0.17219839180695493,0.17388634089510827,0.17800115052688853,0.17290145097038084,0.1723558382200651,0.1695558169891939,0.18075223342508392,0.17574656021366503,0.17283868908705813,0.17357630846667532,0.17943647088505563,0.17943578441962016,0.18166839625061182,0.1834592446276557,0.17614595738385755,0.17246942835623733,0.1716563367486033,0.17132502345674205
yearly_vol,0.17342588942561835,0.162966343891852,0.17972909279075883,0.2029002809677019,0.15799334036348453,0.15224075613804994,0.16488165933566395,0.18842187599729518,0.14578887798855739,0.1481393300444892,0.16273866473677495,0.16693390036932262,0.17602568417829145,0.16351526389658042,0.1697315851994289,0.18511264850323905,0.17473337139004938,0.1797599558149282,0.17771185428695438,0.18986085957101512,0.16585113239125657,0.16963175384158044,0.17741071165558422,0.19167566853841927,0.17547338311645116,0.1732139560273462,0.1780604435226067,0.17777872626302335,0.18702824818366365,0.181100806565891,0.18331901121910316,0.2010090707748356,0.1919934692062404,0.19058898502475832,0.19648814856289473,0.2087725285501928,0.18710060529598194,0.18782920511575213,0.19435440053098757,0.20951211310423995
yearly_skew,1.6647019403309684,1.7402960782320192,1.9923272190395367,2.112135347522975,0.7612084379498024,0.9750022095013479,1.3358785693303543,1.7313143335554018,0.7365112055940742,1.0939782534173845,1.4658033541116466,1.3858620074251693,0.46478204350926994,0.8858765921910677,1.0210757900546488,0.9593645045627036,0.8335099599776989,0.9979896896926087,0.6951230059324183,0.8729983290316052,0.5718264993023138,0.7998924788349002,0.9590694297263478,1.0301090428624282,0.9307338370519828,1.0285429217574984,1.1780741993789252,1.0610559955600707,1.2579882840938172,1.3838892065392137,1.4319796917111045,1.4482547242531412,1.0809303561213393,1.1141330462379955,1.1658443212964829,1.2528274688419236,1.2144808731740977,1.327856631915251,1.5010730610883298,1.552785073085947
yearly_kurt,4.538160744841175,4.780113370712949,5.353551898220471,5.537105940546456,-0.2791045170430957,-0.046966043151493775,1.5625105341416132,3.599788186842761,-0.47406708829385247,0.8057137741417826,1.9652159353886445,1.2162181983839364,-0.5452584672209948,0.39344785461979237,1.1099771278541795,0.5802980558470994,-0.005372492863383371,0.7518968048178394,0.03821845555864556,0.18816529829666928,-0.1891290487717887,0.735037917703683,1.036307351189527,0.7044492509774489,0.7948724641463922,1.2544929026624114,1.5284540915420015,0.7961258213026312,2.12638465413458,2.1336952209441273,2.1717955572173455,1.7407568472659856,1.3043628046385773,1.049482065759686,1.162056922670021,1.202451508119915,1.492994182337128,1.7242083791486031,2.2892800912101965,2.145598116771372
best_year,0.8146588386024685,0.7796487827626895,0.8581599456648801,0.955452048581708,0.5447959282979715,0.5397337509306253,0.6757753876217589,0.8469739824086269,0.48594242704699586,0.5941754926237284,0.6681433316273129,0.6443687564883167,0.5593007085388972,0.6374974700424321,0.6874914281772926,0.6760139043417699,0.6056886764514151,0.6577444473867384,0.5946272713578697,0.6416772924684044,0.5514759232162545,0.6207726166133107,0.6777537824392157,0.7029763344019646,0.682608181780662,0.6391497444043202,0.663863065375949,0.6431747940151709,0.7778269978848924,0.6877776040447783,0.7266344428422755,0.7641534589961472,0.7406000486524398,0.6745383467667514,0.7118863538218887,0.7452552088833475,0.7242573563744337,0.7154541050485064,0.7274338459477372,0.7838867327628309
worst_year,-0.07119203774519312,-0.07764021183918213,-0.03786151260120618,-0.03545650992816374,-0.06566306628340723,-0.01624083515077346,-0.023645478051488755,-0.062399906244363645,-0.032136519882732806,-0.02100987609407401,-0.01958622457590209,-0.027010123967431632,-0.12034325958936176,-0.06936272890012996,-0.0878899550537896,-0.1119749798342704,-0.04021340117901384,-0.07753401048623287,-0.11838447572176813,-0.09739843162424322,-0.07562459043844794,-0.10777316649847546,-0.14552704236595693,-0.10539419725291888,-0.05662593341824684,-0.12659367009158784,-0.09781432373872878,-0.09747994976232088,-0.06481767349628231,-0.08865379378393434,-0.08366251084439125,-0.0725558079048374,-0.09527722966068941,-0.0873521156627528,-0.09730600553228108,-0.10327790332674858,-0.07130629324238047,-0.08665702020355182,-0.07180963400118912,-0.06972864098362064
avg_drawdown,-0.02060463353905499,-0.01968066002775706,-0.019914860962134618,-0.023748804829253255,-0.01995314930553222,-0.01973347192378121,-0.02050823055883681,-0.025312627697900995,-0.02000278095400356,-0.019697384531748154,-0.020465179024236613,-0.02624634722408109,-0.020131455526180692,-0.019665828381613265,-0.02067241706621297,-0.023384302278001014,-0.019954323052276075,-0.01952774825551319,-0.019318146364247894,-0.02288580103395305,-0.018870752367147678,-0.018760564697136432,-0.01907486330721429,-0.021302698252851898,-0.01796995533396084,-0.017931225919907992,-0.01797165211848979,-0.02093285477886035,-0.017771423748435086,-0.017979959520207717,-0.018722508776834193,-0.02224900622333747,-0.01824596785323737,-0.01850104474984758,-0.01861389827534304,-0.02147297679419885,-0.018713454181765402,-0.018500736166305952,-0.018907691367475183,-0.021571010874966254
avg_drawdown_days,27.67233009708738,26.41355140186916,26.916067146282973,31.410614525139664,25.437219730941703,26.3,29.271317829457363,35.247678018575854,23.559498956158663,24.893805309734514,25.993039443155453,31.5225988700565,25.057522123893804,23.79237288135593,25.58447488584475,29.431578947368422,24.98230088495575,25.844036697247706,26.149532710280372,29.298153034300793,24.15450643776824,24.367391304347827,24.61640798226164,27.926582278481014,22.98559670781893,23.107660455486542,23.51906779661017,27.466334164588527,22.400402414486923,23.257796257796258,25.187358916478555,30.061827956989248,22.901437371663246,23.69279661016949,24.567328918322296,28.6159793814433,23.045267489711936,24.16559139784946,26.21311475409836,30.355978260869566
avg_up_month,0.03537932001105009,0.03572355444037168,0.036211122262129296,0.03867267661609978,0.036344903023699346,0.03630354149161649,0.03662232845010851,0.038338903012412384,0.036723740386035174,0.03732339276282267,0.037843447142044094,0.03914846568100673,0.037036159811553865,0.037730348964005095,0.03899871088329572,0.040935309522355245,0.03560871077620406,0.03645192195538583,0.03743421007297244,0.03850661235001269,0.037064527823705354,0.036345475358234056,0.03695677504951758,0.03883205777563001,0.037120456056564576,0.03655805603758927,0.0372834597741024,0.038170038569903045,0.0361771578760167,0.036385458072613154,0.03674682749286828,0.0384071165924813,0.03707775013617627,0.037173804006346324,0.03799090495440817,0.03901326052898115,0.03671499075850432,0.03641914044624339,0.036910127234535926,0.03768689596844997
avg_down_month,-0.02984307273649995,-0.02625283312288965,-0.02614109596739505,-0.026127909464165027,-0.031323250550351865,-0.02751987815255358,-0.02788028617768133,-0.028700601016301366,-0.029704668818824286,-0.028470745738571786,-0.029756420599859036,-0.03074199963295354,-0.030419638784875216,-0.029096426797453084,-0.029482962404822708,-0.03035291682220712,-0.03107655204639992,-0.029805933508788282,-0.03090788876035941,-0.0327487994401211,-0.029049042416169422,-0.02943904580965763,-0.03145036303216232,-0.03220885200682326,-0.02973289231258561,-0.029970257850861715,-0.030426159453392797,-0.03201093135393254,-0.02921654486955713,-0.02817512190286169,-0.02970907915705762,-0.0313393840992191,-0.028801708042656467,-0.028035581375198067,-0.028560699273096447,-0.030060918842369225,-0.028669435444991394,-0.028434924245606445,-0.029807621589589568,-0.032292667321872526
win_year_perc,0.8571428571428571,0.8857142857142857,0.9142857142857143,0.9428571428571428,0.8857142857142857,0.9142857142857143,0.9142857142857143,0.9428571428571428,0.9142857142857143,0.9142857142857143,0.9428571428571428,0.9714285714285714,0.8285714285714286,0.9428571428571428,0.9428571428571428,0.8857142857142857,0.8285714285714286,0.8285714285714286,0.8285714285714286,0.8857142857142857,0.8285714285714286,0.8857142857142857,0.9142857142857143,0.8571428571428571,0.8285714285714286,0.8857142857142857,0.9142857142857143,0.9142857142857143,0.8,0.8857142857142857,0.9142857142857143,0.8857142857142857,0.8,0.8285714285714286,0.9142857142857143,0.9142857142857143,0.8571428571428571,0.8285714285714286,0.9142857142857143,0.9142857142857143
twelve_month_win_perc,0.8829268292682927,0.8975609756097561,0.9024390243902439,0.875609756097561,0.9170731707317074,0.8804878048780488,0.8439024390243902,0.8317073170731707,0.9097560975609756,0.9146341463414634,0.9097560975609756,0.9,0.8780487804878049,0.9170731707317074,0.9121951219512195,0.8951219512195122,0.8731707317073171,0.8707317073170732,0.8682926829268293,0.8804878048780488,0.8707317073170732,0.8731707317073171,0.8609756097560975,0.8463414634146341,0.8853658536585366,0.8780487804878049,0.8609756097560975,0.8414634146341463,0.9,0.8902439024390244,0.8707317073170732,0.8512195121951219,0.8804878048780488,0.8829268292682927,0.8707317073170732,0.848780487804878,0.8926829268292683,0.8780487804878049,0.8634146341463415,0.8414634146341463
